INSERT INTO product (product_id, user_id, category_id, title, description, price, location, status, is_priority, created_at, updated_at) VALUES
('PRD0001', 'CUS0001', 41, N'shop bán chó ở 151/15 Âu Cơ', N'Chó con bán tại shop 151/15 Âu Cơ, đã tiêm vacxin, sức khỏe tốt.', 1500000, N'Quận Liên Chiểu', 'active', 0, '2025-06-10 20:50:27', '2025-06-10 20:50:27'),
('PRD0002', 'CUS0002', 41, N'poodle lai nhật , đã tim vacxin', N'Poodle lai Nhật, đã tiêm vacxin đầy đủ, thân thiện.', 800000, N'Quận Cẩm Lệ', 'active', 0, '2025-06-10 20:50:27', '2025-06-10 20:50:27'),
('PRD0003', 'CUS0003', 41, N'Cần tìm nhà mới cho cún', N'Cún con khỏe mạnh, cần tìm chủ mới yêu thương.', 2500000, N'Quận Liên Chiểu', 'active', 0, '2025-06-10 20:50:27', '2025-06-10 20:50:27'),
('PRD0004', 'CUS0004', 41, N'Corgi nhà đẻ', N'Corgi thuần chủng, nhà đẻ, dễ thương.', 2000000, N'Quận Thanh Khê', 'active', 0, '2025-06-10 20:50:27', '2025-06-10 20:50:27'),
('PRD0005', 'CUS0005', 41, N'chó poodle con lai', N'Poodle con lai, giá rẻ, phù hợp nuôi làm thú cưng.', 300000, N'Quận Liên Chiểu', 'active', 0, '2025-06-10 20:50:27', '2025-06-10 20:50:27'),
('PRD0006', 'CUS0006', 41, N'bán chó phóc sóc tại shop 130 đường 2/9 đà nẵng', N'Phốc sóc thuần chủng, bán tại shop 130 đường 2/9 Đà Nẵng.', 1500000, N'Quận Hải Châu', 'active', 0, '2025-06-10 20:50:27', '2025-06-10 20:50:27'),
('PRD0007', 'CUS0007', 41, N'Chó Labrador', N'Chó Labrador thân thiện, thông minh.', 1500000, N'Quận Ngũ Hành Sơn', 'active', 0, '2025-06-10 20:50:27', '2025-06-10 20:50:27'),
('PRD0008', 'CUS0008', 41, N'chó pom thuần chủng', N'Pom thuần chủng, lông dày, nhỏ gọn.', 5500000, N'Quận Thanh Khê', 'active', 0, '2025-06-10 20:50:27', '2025-06-10 20:50:27'),
('PRD0009', 'CUS0009', 41, N'cần tìm chủ mới cho bé corgi', N'Bé corgi cần chủ mới, dễ thương.', 3000000, N'Quận Hải Châu', 'active', 0, '2025-06-10 20:50:27', '2025-06-10 20:50:27'),
('PRD0010', 'CUS0010', 41, N'Tìm nhà mới cho bé', N'Bé chó cần tìm nhà mới, sức khỏe tốt.', 3500000, N'Không có', 'active', 0, '2025-06-10 20:50:27', '2025-06-10 20:50:27'),
('PRD0011', 'CUS0011', 41, N'Chó con cần tìm chủ, freeship', N'Chó con cần tìm chủ mới, hỗ trợ freeship.', 50000, N'Quận Cẩm Lệ', 'active', 0, '2025-06-10 20:50:27', '2025-06-10 20:50:27'),
('PRD0012', 'CUS0012', 41, N'malinois becgie bỉ', N'Chó Malinois Becgie Bỉ, thông minh, trung thành.', 5000000, N'Quận Thanh Khê', 'active', 0, '2025-06-10 20:50:27', '2025-06-10 20:50:27'),
('PRD0013', 'CUS0013', 41, N'Thuần, xinh đẹp , phốc sốc thái. 55 thái thị bôi', N'Phốc sóc Thái thuần chủng, lông dày, ngoại hình đẹp.', 6800000, N'Quận Thanh Khê', 'active', 0, '2025-06-10 20:50:27', '2025-06-10 20:50:27'),
('PRD0014', 'CUS0014', 41, N'poodle bò sữa xinh iuuu', N'Poodle bò sữa, ngoại hình dễ thương.', 3333333, N'Quận Thanh Khê', 'active', 0, '2025-06-10 20:50:27', '2025-06-10 20:50:27'),
('PRD0015', 'CUS0015', 41, N'Chó Phốc Hươu 1 tháng tuổi có fix nhẹ', N'Chó Phốc Hươu 1 tháng tuổi, giá có thể thương lượng.', 1100000, N'Quận Cẩm Lệ', 'active', 0, '2025-06-10 20:50:27', '2025-06-10 20:50:27'),
('PRD0016', 'CUS0001', 41, N'chó corgi đực 3 tháng nặng 10kg , poodle cái', N'Chó corgi đực 3 tháng tuổi, nặng 10kg, poodle cái.', 2500000, N'Quận Thanh Khê', 'active', 0, '2025-06-10 20:50:27', '2025-06-10 20:50:27'),
('PRD0017', 'CUS0002', 41, N'2be chó  đã tiêm ngừa đủ 2mui bé 4ky5 và bé 4ky', N'2 bé chó đã tiêm ngừa đầy đủ, cân nặng 4.5kg và 4kg.', 4500000, N'Quận Hải Châu', 'active', 0, '2025-06-10 20:50:27', '2025-06-10 20:50:27'),
('PRD0018', 'CUS0003', 41, N'bé Poodle Bò sữa đễ thương ngoan', N'Poodle bò sữa dễ thương, ngoan ngoãn.', 1550000, N'Quận Liên Chiểu', 'active', 0, '2025-06-10 20:50:27', '2025-06-10 20:50:27'),
('PRD0019', 'CUS0004', 41, N'Chó Phú Quốc_Còn 1 Bé Cuối Cực RẺ_Chân Huyền Đề', N'Chó Phú Quốc, còn 1 bé cuối, chân huyền đề.', 600000, N'Quận Liên Chiểu', 'active', 0, '2025-06-10 20:50:27', '2025-06-10 20:50:27'),
('PRD0020', 'CUS0005', 41, N'có việc gấp cần thanh lý hết giá nhẹ nhàng', N'Thanh lý chó giá rẻ do có việc gấp.', 500000, N'Quận Cẩm Lệ', 'active', 0, '2025-06-10 20:50:27', '2025-06-10 20:50:27'),
('PRD0021', 'CUS0006', 41, N'corgi cute xinh iuuuuu55 thái thị bôi, đà nẵng', N'Corgi dễ thương, xinh xắn, địa chỉ 55 Thái Thị Bôi.', 4343434, N'Quận Thanh Khê', 'active', 0, '2025-06-10 20:50:27', '2025-06-10 20:50:27'),
('PRD0022', 'CUS0001', 16, N'Drim thái 1997 rin đẹp', N'Xe Drim Thái 1997, zin đẹp, giấy tờ đầy đủ.', 18500000, N'Quận Liên Chiểu', 'active', 0, '2025-06-10 20:50:27', '2025-06-10 20:50:27'),
('PRD0023', 'CUS0002', 16, N'Ex xuống áo 2010 đủ màu nợ xấu trả trước 9 triệu', N'Exciter 2010, nhiều màu, hỗ trợ trả góp.', 26800000, N'Quận Thanh Khê', 'active', 0, '2025-06-10 20:50:27', '2025-06-10 20:50:27'),
('PRD0024', 'CUS0003', 16, N'Cần bán xe Vespa ie phun xăng điện tử biển số 43', N'Vespa ie phun xăng điện tử, biển số 43, giấy tờ đầy đủ.', 6900000, N'Quận Ngũ Hành Sơn', 'active', 0, '2025-06-10 20:50:27', '2025-06-10 20:50:27'),
('PRD0025', 'CUS0004', 16, N'ab biển số 92 giấy tờ đầy đủ máy êm ru cần bán', N'Xe AB biển số 92, máy êm, giấy tờ đầy đủ.', 6900000, N'Quận Liên Chiểu', 'active', 0, '2025-06-10 20:50:27', '2025-06-10 20:50:27'),
('PRD0026', 'CUS0005', 11, N'Xiaomi Mi 10 Pro', N'Smartphone Xiaomi Mi 10 Pro, camera 108MP.', 3500000, N'Không có', 'active', 0, '2025-06-10 20:50:27', '2025-06-10 20:50:27'),
('PRD0027', 'CUS0006', 11, N'(Đà Nẵng) Oppo A3x 99% full cn pin trâu nhanh 45w', N'Oppo A3x, pin trâu, sạc nhanh 45W, máy 99%.', 2500000, N'Quận Cẩm Lệ', 'active', 0, '2025-06-10 20:50:27', '2025-06-10 20:50:27'),
('PRD0028', 'CUS0007', 11, N'(Đà Nẵng) Oppo F11 Ram|256 keng bh full cn', N'Oppo F11, RAM lớn, bảo hành đầy đủ.', 1600000, N'Quận Cẩm Lệ', 'active', 0, '2025-06-10 20:50:27', '2025-06-10 20:50:27'),
('PRD0029', 'CUS0008', 11, N'iPhone 15 pro tặng Air-pod góp bao nợ xấu', N'iPhone 15 Pro, tặng kèm AirPods, hỗ trợ góp.', 13490000, N'Quận Hải Châu', 'active', 0, '2025-06-10 20:50:27', '2025-06-10 20:50:27'),
('PRD0030', 'CUS0009', 25, N'Sofa vải cao cấp + Dài 2.0 mét mới 100%', N'Sofa vải cao cấp, dài 2m, mới 100%.', 4900000, N'Quận Thanh Khê', 'active', 0, '2025-06-10 20:50:27', '2025-06-10 20:50:27'),
('PRD0031', 'CUS0010', 25, N'Bộ bàn ghế gỗ đẹp, chắc chắn', N'Bộ bàn ghế gỗ, thiết kế đẹp, chắc chắn.', 3500000, N'Quận Thanh Khê', 'active', 0, '2025-06-10 20:50:27', '2025-06-10 20:50:27'),
('PRD0032', 'CUS0011', 25, N'Sofa góc + vải cao cấp + KT 2.4x1.5mét mới 100%', N'Sofa góc, vải cao cấp, kích thước 2.4x1.5m, mới 100%.', 7000000, N'Quận Thanh Khê', 'active', 0, '2025-06-10 20:50:27', '2025-06-10 20:50:27'),
('PRD0033', 'CUS0012', 54, N'COMBO 2 SÁCH TOÁN VĂN ANH TỰ LUYỆN, ĐỀ CƯƠNG 7', N'Combo 2 sách Toán Văn Anh tự luyện, đề cương lớp 7.', 250000, N'Quận Thanh Khê', 'active', 0, '2025-06-10 20:50:27', '2025-06-10 20:50:27'),
('PRD0034', 'CUS0013', 54, N'Sách mới 99%, đa số chưa đọc.', N'Sách mới 99%, đa số chưa đọc.', 45000, N'Quận Thanh Khê', 'active', 0, '2025-06-10 20:50:27', '2025-06-10 20:50:27'),
('PRD0035', 'CUS0014', 54, N'Thanh lý thùng truyện hơn 75q', N'Thanh lý thùng truyện tranh hơn 75 quyển.', 250000, N'Quận Liên Chiểu', 'active', 0, '2025-06-10 20:50:27', '2025-06-10 20:50:27'),
('PRD0036', 'CUS0001', 54, N'COMBO 2 SÁCH TOÁN 7 PHÁT TRIỂN NĂNG LỰC T1,2', N'Combo 2 sách Toán 7 phát triển năng lực tập 1, 2.', 126000, N'Quận Thanh Khê', 'active', 0, '2025-06-10 20:50:27', '2025-06-10 20:50:27'),
('PRD0037', 'CUS0002', 54, N'trọn bộ 2 tập novel Mỹ nhân', N'Trọn bộ 2 tập tiểu thuyết Mỹ nhân.', 90000, N'Quận Liên Chiểu', 'active', 0, '2025-06-10 20:50:27', '2025-06-10 20:50:27'),
('PRD0038', 'CUS0003', 54, N'truyện tranh Đến ngày gặp anh (like new)', N'Truyện tranh Đến ngày gặp anh, tình trạng gần như mới.', 80000, N'Quận Liên Chiểu', 'active', 0, '2025-06-10 20:50:27', '2025-06-10 20:50:27'),
('PRD0039', 'CUS0004', 54, N'Sách Thế Giới Phẳng T5', N'Sách Thế Giới Phẳng tập 5.', 150000, N'Quận Thanh Khê', 'active', 0, '2025-06-10 20:50:27', '2025-06-10 20:50:27'),
('PRD0040', 'CUS0005', 54, N'Tru Tiên tập 5 - Tiêu Đỉnh', N'Tru Tiên tập 5, dịch giả Tiêu Đỉnh.', 100000, N'Quận Liên Chiểu', 'active', 0, '2025-06-10 20:50:27', '2025-06-10 20:50:27'),
('PRD0041', 'CUS0006', 54, N'Tru Tiên tập 1 - Đào Bạch Liên dịch', N'Tru Tiên tập 1, dịch giả Đào Bạch Liên.', 100000, N'Quận Liên Chiểu', 'active', 0, '2025-06-10 20:50:27', '2025-06-10 20:50:27'),
('PRD0042', 'CUS0007', 54, N'Tru Tiên tập 6 - Đạo Bạch Liên dịch', N'Tru Tiên tập 6, dịch giả Đạo Bạch Liên.', 100000, N'Quận Liên Chiểu', 'active', 0, '2025-06-10 20:50:27', '2025-06-10 20:50:27'),
('PRD0043', 'CUS0008', 54, N'Tru Tiên tập 4 - Đạo Bạch Liên', N'Tru Tiên tập 4, dịch giả Đạo Bạch Liên.', 100000, N'Quận Liên Chiểu', 'active', 0, '2025-06-10 20:50:27', '2025-06-10 20:50:27'),
('PRD0044', 'CUS0009', 54, N'Tru Tiên tập 3 - Đào Bạch Liên Địch', N'Tru Tiên tập 3, dịch giả Đào Bạch Liên.', 100000, N'Quận Liên Chiểu', 'active', 0, '2025-06-10 20:50:27', '2025-06-10 20:50:27'),
('PRD0045', 'CUS0010', 54, N'Tru Tiên tập 2 - Đào Bạch Liên', N'Tru Tiên tập 2, dịch giả Đào Bạch Liên.', 100000, N'Quận Liên Chiểu', 'active', 0, '2025-06-10 20:50:27', '2025-06-10 20:50:27'),
('PRD0046', 'CUS0011', 3, N'Bán Quạt Daikio nước 2 Tầng', N'Quạt Daikio nước 2 tầng, làm mát hiệu quả.', 2500000, N'Quận Hải Châu', 'active', 0, '2025-06-10 20:50:27', '2025-06-10 20:50:27'),
('PRD0047', 'CUS0012', 3, N'Quạt hơi nước lớn Daikio DK-5000D 45L –đã dùng 95%', N'Quạt hơi nước lớn Daikio DK-5000D dung tích 45L, đã qua sử dụng 95%.', 1800000, N'Không có', 'active', 0, '2025-06-10 20:50:27', '2025-06-10 20:50:27'),
('PRD0048', 'CUS0001', 3, N'Quạt hơi nươc dư ra', N'Quạt hơi nước dư, còn mới.', 350000, N'Quận Sơn Trà', 'active', 0, '2025-06-10 20:50:27', '2025-06-10 20:50:27'),
('PRD0049', 'CUS0002', 3, N'Quạt Hơi Nước', N'Quạt hơi nước, làm mát hiệu quả.', 1200000, N'Quận Liên Chiểu', 'active', 0, '2025-06-10 20:50:27', '2025-06-10 20:50:27'),
('PRD0050', 'CUS0003', 3, N'Quạt làm mát Daikio DK-5000C', N'Quạt làm mát Daikio DK-5000C, công suất lớn.', 1350000, N'Quận Sơn Trà', 'active', 0, '2025-06-10 20:50:27', '2025-06-10 20:50:27'),
('PRD0051', 'CUS0004', 3, N'cần bán quạt hơi nước', N'Quạt hơi nước đã qua sử dụng, còn tốt.', 2500000, N'Không có', 'active', 0, '2025-06-10 20:50:27', '2025-06-10 20:50:27'),
('PRD0052', 'CUS0005', 3, N'Bán lại cây quạt chạy êm', N'Quạt chạy êm, còn mới.', 150000, N'Quận Thanh Khê', 'active', 0, '2025-06-10 20:50:27', '2025-06-10 20:50:27'),
('PRD0053', 'CUS0006', 3, N'Cần bán quạt hơi nước đã qua sử dụng.', N'Quạt hơi nước đã qua sử dụng, giá rẻ.', 500000, N'Quận Thanh Khê', 'active', 0, '2025-06-10 20:50:27', '2025-06-10 20:50:27'),
('PRD0054', 'CUS0007', 3, N'quạt hơi nước Daikiosan không dùng cần pass', N'Quạt hơi nước Daikiosan, ít dùng, cần pass lại.', 800000, N'Quận Hải Châu', 'active', 0, '2025-06-10 20:50:27', '2025-06-10 20:50:27'),
('PRD0055', 'CUS0008', 3, N'quạt', N'Quạt điện, giá tốt', 123456, N'Quận Sơn Trà', 'active', 0, '2025-06-10 20:50:27', '2025-06-10 20:50:27'),
('PRD0056', 'CUS0009', 3, N'QUẠT HƠI NƯỚC 40L MỚI 95%', N'Quạt hơi nước dung tích 40L, còn mới 95%.', 2500000, N'Quận Hải Châu', 'active', 0, '2025-06-10 20:50:27', '2025-06-10 20:50:27'),
('PRD0057', 'CUS0010', 3, N'quạt hơi nước', N'Quạt hơi nước, làm mát nhanh.', 500000, N'Quận Ngũ Hành Sơn', 'active', 0, '2025-06-10 20:50:27', '2025-06-10 20:50:27'),
('PRD0058', 'CUS0011', 3, N'quạt ít dùng', N'Quạt điện, ít sử dụng.', 550000, N'Quận Liên Chiểu', 'active', 0, '2025-06-10 20:50:27', '2025-06-10 20:50:27'),
('PRD0059', 'CUS0012', 29, N'Áo dệt kim 2 mảnh', N'Áo dệt kim 2 mảnh, thời trang nữ.', 40000, N'Quận Thanh Khê', 'active', 0, '2025-06-10 20:50:27', '2025-06-10 20:50:27'),
('PRD0060', 'CUS0013', 29, N'Váy hoa nhí cúp ngực màu hồng size S', N'Váy hoa nhí, màu hồng, size S.', 49000, N'Quận Thanh Khê', 'active', 0, '2025-06-10 20:50:27', '2025-06-10 20:50:27'),
('PRD0061', 'CUS0014', 29, N'Áo lệch vai màu quả mơ mặc 1l', N'Áo lệch vai màu quả mơ, mặc 1 lần.', 30000, N'Quận Thanh Khê', 'active', 0, '2025-06-10 20:50:27', '2025-06-10 20:50:27'),
('PRD0062', 'CUS0015', 29, N'Áo thun babytee đỏ chưa mặc lần nào', N'Áo thun babytee đỏ, chưa mặc.', 30000, N'Quận Thanh Khê', 'active', 0, '2025-06-10 20:50:27', '2025-06-10 20:50:27'),
('PRD0063', 'CUS0001', 31, N'Reebok chính hãng', N'Giày Reebok chính hãng, chất lượng tốt.', 400000, N'Quận Liên Chiểu', 'active', 0, '2025-06-10 20:50:27', '2025-06-10 20:50:27'),
('PRD0064', 'CUS0002', 29, N'Set AGUJA áo phối lưới NEW', N'Set AGUJA áo phối lưới, hàng mới.', 149000, N'Quận Thanh Khê', 'active', 0, '2025-06-10 20:50:27', '2025-06-10 20:50:27'),
('PRD0065', 'CUS0003', 29, N'pass hết tất cả', N'Tranh phục nữ, pass hết tất cả.', 490000, N'Quận Cẩm Lệ', 'active', 0, '2025-06-10 20:50:27', '2025-06-10 20:50:27'),
('PRD0066', 'CUS0004', 29, N'pass hết tất cả', N'Tranh phục nữ, pass hết tất cả.', 490000, N'Quận Cẩm Lệ', 'active', 0, '2025-06-10 20:50:27', '2025-06-10 20:50:27'),
('PRD0067', 'CUS0005', 29, N'Kaki Pants Uniqlo', N'Quần kaki Uniqlo, hàng chính hãng.', 70000, N'Quận Liên Chiểu', 'active', 0, '2025-06-10 20:50:27', '2025-06-10 20:50:27'),
('PRD0068', 'CUS0006', 29, N'Cargo Pants Korea', N'Quần cargo Hàn Quốc, thời trang.', 70000, N'Quận Liên Chiểu', 'active', 0, '2025-06-10 20:50:27', '2025-06-10 20:50:27'),
('PRD0069', 'CUS0007', 29, N'Jean Stand Ard', N'Quần jean Stand Ard, bền đẹp.', 70000, N'Quận Liên Chiểu', 'active', 0, '2025-06-10 20:50:27', '2025-06-10 20:50:27'),
('PRD0070', 'CUS0008', 29, N'Jean Real Standard', N'Quần jean Real Standard, chất lượng.', 70000, N'Quận Liên Chiểu', 'active', 0, '2025-06-10 20:50:27', '2025-06-10 20:50:27'),
('PRD0071', 'CUS0009', 29, N'Jean Lolita', N'Quần jean Lolita, kiểu dáng trẻ trung.', 80000, N'Quận Liên Chiểu', 'active', 0, '2025-06-10 20:50:27', '2025-06-10 20:50:27'),
('PRD0072', 'CUS0010', 29, N'Jean Mc.Apache', N'Quần jean Mc.Apache, hàng đẹp.', 80000, N'Quận Liên Chiểu', 'active', 0, '2025-06-10 20:50:27', '2025-06-10 20:50:27'),
('PRD0073', 'CUS0011', 29, N'Jean Lolita E.1965', N'Quần jean Lolita E.1965, thời trang.', 80000, N'Quận Liên Chiểu', 'active', 0, '2025-06-10 20:50:27', '2025-06-10 20:50:27'),
('PRD0074', 'CUS0012', 29, N'Jean Blue Ed Win 503 Trip', N'Quần jean Blue Ed Win 503 Trip.', 90000, N'Quận Liên Chiểu', 'active', 0, '2025-06-10 20:50:27', '2025-06-10 20:50:27'),
('PRD0075', 'CUS0013', 29, N'H&M chính hãng', N'Quần áo H&M chính hãng.', 250000, N'Quận Liên Chiểu', 'active', 0, '2025-06-10 20:50:27', '2025-06-10 20:50:27'),
('PRD0076', 'CUS0014', 29, N'bộ thể thao đồ đôi nam nữ', N'Bộ thể thao đồ đôi nam nữ.', 200000, N'Quận Hải Châu', 'active', 0, '2025-06-10 20:50:27', '2025-06-10 20:50:27'),
('PRD0077', 'CUS0015', 29, N'bộ thể thao nam thun lạnh', N'Bộ thể thao nam thun lạnh.', 180000, N'Quận Hải Châu', 'active', 0, '2025-06-10 20:50:27', '2025-06-10 20:50:27'),
('PRD0078', 'CUS0001', 29, N'bán ao thun mỹ . a em 70-80 kg đẹp', N'Áo thun Mỹ, dành cho nam 70-80kg.', 50000, N'Quận Thanh Khê', 'active', 0, '2025-06-10 20:50:27', '2025-06-10 20:50:27'),
('PRD0079', 'CUS0001', 31, N'Giày hiệu Nike chính hãng 100 % size42', N'Giày Nike chính hãng, size 42, chất lượng tốt.', 280000, N'Quận Hải Châu', 'active', 0, '2025-06-10 20:50:27', '2025-06-10 20:50:27'),
('PRD0080', 'CUS0002', 31, N'Giầy Adidas chính hãng sz 40', N'Giày Adidas chính hãng, size 40.', 1200000, N'Quận Hải Châu', 'active', 0, '2025-06-10 20:50:27', '2025-06-10 20:50:27'),
('PRD0081', 'CUS0003', 31, N'giày NIKE jodan size 41 độ mới 98%', N'Giày Nike Jordan, size 41, độ mới 98%.', 600000, N'Quận Sơn Trà', 'active', 0, '2025-06-10 20:50:27', '2025-06-10 20:50:27'),
('PRD0082', 'CUS0004', 31, N'giày yonex chính hãng size 38 độ mới 97%', N'Giày Yonex chính hãng, size 38, độ mới 97%.', 650000, N'Quận Sơn Trà', 'active', 0, '2025-06-10 20:50:27', '2025-06-10 20:50:27'),
('PRD0083', 'CUS0005', 31, N'giày NIKE chính hãng size 40.5 độ mới 97%', N'Giày Nike chính hãng, size 40.5, độ mới 97%.', 400000, N'Quận Sơn Trà', 'active', 0, '2025-06-10 20:50:27', '2025-06-10 20:50:27'),
('PRD0084', 'CUS0006', 31, N'Giày Lecop chính hãng Pháp - Size 40', N'Giày Lecop chính hãng Pháp, size 40.', 480000, N'Quận Hải Châu', 'active', 0, '2025-06-10 20:50:27', '2025-06-10 20:50:27'),
('PRD0085', 'CUS0007', 31, N'Dép sách tay Tommy', N'Dép sách tay Tommy, hàng hiệu.', 1000000, N'Quận Hải Châu', 'active', 0, '2025-06-10 20:50:27', '2025-06-10 20:50:27'),
('PRD0086', 'CUS0008', 31, N'Cần bán đôi helly hansen', N'Giày Helly Hansen, cần bán.', 750000, N'Quận Hải Châu', 'active', 0, '2025-06-10 20:50:27', '2025-06-10 20:50:27'),
('PRD0087', 'CUS0009', 31, N'Giày sneaker The North Face chính hãng.', N'Giày sneaker The North Face chính hãng.', 680000, N'Quận Cẩm Lệ', 'active', 0, '2025-06-10 20:50:27', '2025-06-10 20:50:27'),
('PRD0088', 'CUS0010', 31, N'Giày Skechers chống thấm nước. Mới', N'Giày Skechers chống thấm nước, mới.', 690000, N'Quận Cẩm Lệ', 'active', 0, '2025-06-10 20:50:27', '2025-06-10 20:50:27'),
('PRD0089', 'CUS0011', 31, N'Khui kiện VIP Giày D.IOR  Size 41', N'Giày D.IOR VIP, size 41.', 1100000, N'Quận Liên Chiểu', 'active', 0, '2025-06-10 20:50:27', '2025-06-10 20:50:27'),
('PRD0090', 'CUS0012', 31, N'Giày Cầu lông Mizuno wave claw neo 3 size 42', N'Giày cầu lông Mizuno Wave Claw Neo 3, size 42.', 2700000, N'Quận Cẩm Lệ', 'active', 0, '2025-06-10 20:50:27', '2025-06-10 20:50:27'),
('PRD0091', 'CUS0013', 31, N'Cần bán đôi sperry size 41', N'Giày Sperry size 41, cần bán.', 550000, N'Quận Hải Châu', 'active', 0, '2025-06-10 20:50:27', '2025-06-10 20:50:27'),
('PRD0092', 'CUS0014', 31, N'Giày lười size 43 -43,5 da thật, đế đúc.', N'Giày lười da thật, size 43-43.5, đế đúc.', 300000, N'Quận Hải Châu', 'active', 0, '2025-06-10 20:50:27', '2025-06-10 20:50:27'),
('PRD0093', 'CUS0015', 31, N'Cần bán đôi Valentino size 41.41,5', N'Giày Valentino size 41-41.5, cần bán.', 550000, N'Quận Hải Châu', 'active', 0, '2025-06-10 20:50:27', '2025-06-10 20:50:27');
UPDATE product SET state = 'mới' WHERE product_id IN ('PRD0004', 'PRD0010', 'PRD0011', 'PRD0012', 'PRD0031', 'PRD0033', 'PRD0035', 'PRD0049', 'PRD0053', 'PRD0055', 'PRD0057', 'PRD0059', 'PRD0063', 'PRD0065', 'PRD0082', 'PRD0083', 'PRD0084', 'PRD0089');
UPDATE product SET state = 'cũ' WHERE product_id IN ('PRD0001', 'PRD0002', 'PRD0003', 'PRD0006', 'PRD0007', 'PRD0008', 'PRD0009', 'PRD0013', 'PRD0014', 'PRD0017', 'PRD0018', 'PRD0020', 'PRD0021', 'PRD0023', 'PRD0024', 'PRD0025', 'PRD0026', 'PRD0027', 'PRD0028', 'PRD0029', 'PRD0030', 'PRD0032', 'PRD0034', 'PRD0036', 'PRD0037', 'PRD0038', 'PRD0039', 'PRD0040', 'PRD0041', 'PRD0042', 'PRD0043', 'PRD0044', 'PRD0045', 'PRD0046', 'PRD0047', 'PRD0048', 'PRD0050', 'PRD0051', 'PRD0052', 'PRD0054', 'PRD0056', 'PRD0058', 'PRD0060', 'PRD0061', 'PRD0062', 'PRD0064', 'PRD0066', 'PRD0067', 'PRD0068', 'PRD0069', 'PRD0070', 'PRD0071', 'PRD0072', 'PRD0073', 'PRD0074', 'PRD0075', 'PRD0076', 'PRD0077', 'PRD0078', 'PRD0079', 'PRD0080', 'PRD0081', 'PRD0085', 'PRD0086', 'PRD0087', 'PRD0088', 'PRD0090', 'PRD0091', 'PRD0092', 'PRD0093');
UPDATE product SET state = 'hư hỏng nhẹ' WHERE product_id IN ('PRD0005', 'PRD0015', 'PRD0016', 'PRD0019', 'PRD0022');
UPDATE product SET quantity = '1' WHERE product_id IN ('PRD0004', 'PRD0010', 'PRD0011', 'PRD0012', 'PRD0031', 'PRD0033', 'PRD0035', 'PRD0049', 'PRD0053', 'PRD0055', 'PRD0057', 'PRD0059', 'PRD0063', 'PRD0065', 'PRD0082', 'PRD0083', 'PRD0084', 'PRD0089');
UPDATE product SET quantity = '2' WHERE product_id IN ('PRD0001', 'PRD0002', 'PRD0003', 'PRD0006', 'PRD0007', 'PRD0008', 'PRD0009', 'PRD0013', 'PRD0014', 'PRD0017', 'PRD0018', 'PRD0020', 'PRD0021', 'PRD0023', 'PRD0024', 'PRD0025', 'PRD0026', 'PRD0027', 'PRD0028', 'PRD0029', 'PRD0030', 'PRD0032', 'PRD0034', 'PRD0036', 'PRD0037', 'PRD0038', 'PRD0039', 'PRD0040', 'PRD0041', 'PRD0042', 'PRD0043', 'PRD0044', 'PRD0045', 'PRD0046', 'PRD0047', 'PRD0048', 'PRD0050', 'PRD0051', 'PRD0052', 'PRD0054', 'PRD0056', 'PRD0058', 'PRD0060', 'PRD0061', 'PRD0062', 'PRD0064', 'PRD0066', 'PRD0067', 'PRD0068', 'PRD0069', 'PRD0070', 'PRD0071', 'PRD0072', 'PRD0073', 'PRD0074', 'PRD0075', 'PRD0076', 'PRD0077', 'PRD0078', 'PRD0079', 'PRD0080', 'PRD0081', 'PRD0085', 'PRD0086', 'PRD0087', 'PRD0088', 'PRD0090', 'PRD0091', 'PRD0092', 'PRD0093');
UPDATE product SET quantity = '1' WHERE product_id IN ('PRD0005', 'PRD0015', 'PRD0016', 'PRD0019', 'PRD0022');
INSERT INTO product_images (img_id, product_id, image_url, is_primary) VALUES
(1, 'PRD0001', 'https://cdn.chotot.com/UALbzikAtjwyXAyK4nzIQkJG39AxsN82tHagPrd5fsw/preset:listing/plain/af6c2f2a19d8984d938d14829271d602-2922019014056172369.jpg', 1),
(2, 'PRD0002', 'https://cdn.chotot.com/6bTSyJ08LrD_ywsCZobUIz7IGfVJIaYcGh2kCDsuR-E/preset:listing/plain/c08853fec451e7e13acead7ec9dba1b3-2934986213258618389.jpg', 1),
(3, 'PRD0003', 'https://cdn.chotot.com/QNISX_gJ4JcdxBi-BXspklehRPjNcHsbmeN1MlGvThI/preset:listing/plain/577380cebac39e3cc4fcda8ab8503d0c-2935268844303962609.jpg', 1),
(4, 'PRD0004', 'https://cdn.chotot.com/CR93yfxlZoJXuk3HNItCZ4bKuBNRVnp0nsk3g51j-OU/preset:listing/plain/13691c9733920d993ef4dcc6418f9110-2935262639749166287.jpg', 1),
(5, 'PRD0005', 'https://cdn.chotot.com/TJFOKCU-7Xd8jzuw_lRuOzgTACVWv_BjJWMAmiIMNXc/preset:listing/plain/0aa161d6144f8a11203b29e14a814c23-2935252203932009242.jpg', 1),
(6, 'PRD0006', 'https://cdn.chotot.com/RwFKpjzF-gyWW9F2Qa09-s1K2EhVfuqq1WNhD6Lrc3I/preset:listing/plain/87a38482bf658aa8e08871a2389ec46c-2935250973760804839.jpg', 1),
(7, 'PRD0007', 'https://cdn.chotot.com/MD8e4N56aWkT2qXleM5WQN0s2B_hLY8G2yLfTx4Qrrw/preset:listing/plain/375dc19d59cc37537c595db3fe9aff27-2935243908380591465.jpg', 1),
(8, 'PRD0008', 'https://cdn.chotot.com/G9WUXOYIxXvgCU2rH2yNw-0D-F9NO-cRA3aQ4NfflOA/preset:listing/plain/91fcad2d6ab1a7af0c0f1d7efb4bd01d-2934787852460430790.jpg', 1),
(9, 'PRD0009', 'https://cdn.chotot.com/oYLlzNffQSv6CuCMMS0Ht6WhXBe6x9pP0fw85fVTT7U/preset:listing/plain/28c075752ccbc21131dba9516550692a-2935210692995863507.jpg', 1),
(10, 'PRD0010', 'https://cdn.chotot.com/VnGlmfThAoMZkGHHx7Pij7YKXMoZqvA4KT4_fiynJq0/preset:listing/plain/55dfd14da8fa89d9266848613407ac64-2935199225220552679.jpg', 1),
(11, 'PRD0011', 'https://cdn.chotot.com/1E2ZSuvmyJ-b6VEbwyUVkToAuo_UFCOW3L7hUhoqybM/preset:listing/plain/56007da424aae4d5ce108d10074d98ea-2935111493861393712.jpg', 1),
(12, 'PRD0012', 'https://cdn.chotot.com/GNaomQGmmTTgYJVPbqdWmNv7XSP3o6kGH9oL5jGJuc8/preset:listing/plain/2c4641598e099d4f579250c4f5f2d21c-2934050329725155349.jpg', 1),
(13, 'PRD0013', 'https://cdn.chotot.com/uk0RysyPTR-PgwL7_ZYmXemK_yoi2oEoZNHqi7-b8YA/preset:listing/plain/05416e936b075e1cb0a65aa4224d5080-2934064706989897749.jpg', 1),
(14, 'PRD0014', 'https://cdn.chotot.com/WnSF23f8kS7dRxfk8zXPAj5KHeqnfojWHcHpbSlQBag/preset:listing/plain/40cf77f93e62565e5888792f94cf4009-2935104549200547367.jpg', 1),
(15, 'PRD0015', 'https://cdn.chotot.com/FnYIK0Q-HyL5hBKaz-ULLZXyLitmh_KQ3pC8cjmxAEs/preset:listing/plain/16fe174576c67ca2df173827408d524f-2935069476957247463.jpg', 1),
(16, 'PRD0016', 'https://cdn.chotot.com/srQ0oFsogcV9X4xSOB7pt1MrR1F6UmMGC1aykwReA5s/preset:listing/plain/7ff6e018c372977bee0b2edf581db0ee-2935066668762943015.jpg', 1),
(17, 'PRD0017', 'https://cdn.chotot.com/ABH2Nkabg2CuoTVKi2ONHpMZJGrllYFxFD550K50Yo4/preset:listing/plain/024fa5328bbdb2bec73e3139ecd5c351-2935055723568495020.jpg', 1),
(18, 'PRD0018', 'https://cdn.chotot.com/jzvOAIT8NXfKm1w9Wu-4_MKuLc6qOHaGnAZCwd38Wn0/preset:listing/plain/2eaddc977cde32be844f4f90d8c870a1-2935223455926144551.jpg', 1),
(19, 'PRD0019', 'https://cdn.chotot.com/6xr0eP0Y7k_30CZtgV-1E2f-FEb9nbSBgBgOiJwuUmo/preset:listing/plain/3682273494d17d7f346689fbc179946d-2934979271616026599.jpg', 1),
(20, 'PRD0020', 'https://cdn.chotot.com/ZEEBJS57n7D98QtzEYdNt11sBso9iGis_834pou-64k/preset:listing/plain/ef754ebb2952b56662077a66c2af252e-2934790560098079139.jpg', 1),
(21, 'PRD0021', 'https://cdn.chotot.com/PAX_inTe1SD3pTPlAUke3yXLD9dtyrHeK5H1vzGSLqg/preset:listing/plain/fe18471c4530caf049254ea8b07f2565-2934368748684038563.jpg', 1),
(22, 'PRD0022', 'https://cdn.chotot.com/BFPtGqw6jns90J2q02nYEc0OrP15Z9pZTceRvUx_iZ4/preset:listing/plain/7e7acd0a75e7763821f1e25ed79260d4-2929701480908764330.jpg', 1),
(23, 'PRD0023', 'https://cdn.chotot.com/8i3IZfuJ9HkDup1Sh5dRuWKRzj4GhLdrZushZigww8o/preset:listing/plain/efb6514e98d6be9ed14b75811e64e819-2933616500125899890.jpg', 1),
(24, 'PRD0024', 'https://cdn.chotot.com/lrWsMtX-RHZy-JbKyz8QOhKRyUZqzOnmzknQ1bI2Q0k/preset:listing/plain/43a7ce585b28f2428fbe302b1b5bfaee-2932777614291503487.jpg', 1),
(25, 'PRD0025', 'https://cdn.chotot.com/agk7Ib_P4m9yQ_2uHSe-mLpG3fQOOARBUV8z2hHt-es/preset:listing/plain/a946a774f09cfd5d6e6ffa56aec1cc6f-2925682423635954489.jpg', 1),
(26, 'PRD0026', 'https://cdn.chotot.com/KUFU8rp0mwrScwO0GGoExwZXXkOSA_01yJDl9v6RoOs/preset:listing/plain/eb528d461481326c82db316deac5e9e0-2935347448964119636.jpg', 1),
(27, 'PRD0027', 'https://cdn.chotot.com/IlYFMZo50cmMcxqxtIkeSxeb1YdtEy74DVB_-bQgDks/preset:listing/plain/c3c02895bee5e39089ca4fba12837a26-2935141028345206759.jpg', 1),
(28, 'PRD0028', 'https://cdn.chotot.com/Ryvt7TYmf3WtLL05tYeOYowRF8eDxBIUSIuiPT65AxU/preset:listing/plain/320bea6a8851f3f2d1ee3a92a0bedc61-2934521381673737199.jpg', 1),
(29, 'PRD0029', 'https://cdn.chotot.com/zDvjMP9d47bU51fJvu2AikODDcEloR1_PwGNxliQbFo/preset:listing/plain/9850937ae11790dae27ef0cb14965b5c-2887971550404339844.jpg', 1),
(30, 'PRD0030', 'https://cdn.chotot.com/8TiHbRfT6NCHx2mVx-_gqDVLszZvGTUXHOjk3rXro04/preset:listing/plain/82b9dfbe718196c90f5af4ce67391c4a-2934961839507325153.jpg', 1),
(31, 'PRD0031', 'https://cdn.chotot.com/B6NWNi1vQdDJinlM9oUBHsGk6IZgFUOuYPn2kexgM7c/preset:listing/plain/acd002882ce5039579ca395120e28bd2-2932341482600856197.jpg', 1),
(32, 'PRD0032', 'https://cdn.chotot.com/663h9rqrDd_BWrcKBGC8JAlIIfAVYhTDDIpUuxFD4zQ/preset:listing/plain/0d2d8a22d6a9db902d114e30a566a678-2934963029329727015.jpg', 1),
(33, 'PRD0033', 'https://cdn.chotot.com/0AkOPXiSGeEkpa6pHyRfox0_CEBDh6aZ3fo9B3YdraA/preset:listing/plain/04ac2c63d1e911186a783af1c25c30e4-2935264915285888551.jpg', 1),
(34, 'PRD0034', 'https://cdn.chotot.com/Y8CMSJC3CDbH5J6ouffJiY5Y6QMRnWnH961u_WCY8BE/preset:listing/plain/21dc661c6c66d6d0f165a82cbb11da4a-2935253374203088423.jpg', 1),
(35, 'PRD0035', 'https://cdn.chotot.com/Xg7H4FZWYQr-hvUtVSnB0CuuAZy_wwGCt4Oyuz_EZ5Q/preset:listing/plain/0b3027cb3ce953c386efdacb68604bf5-2935211300752882282.jpg', 1),
(36, 'PRD0036', 'https://cdn.chotot.com/YysoAw12vuCDPqaAN-naV4d7RZoSSGO_scEvFTynI5U/preset:listing/plain/a066ec3e2a32de719ec2796cd6097f38-2935262204483917799.jpg', 1),
(37, 'PRD0037', 'https://cdn.chotot.com/QifZl0aGrFKqPzODPNHg3LZtJWzoAOhvE6HiU1E-Acg/preset:listing/plain/c64a23d5d82980177a6f61b3348131ab-2935141142441985385.jpg', 1),
(38, 'PRD0038', 'https://cdn.chotot.com/DetCCyVAF328_8H3Fpjc1chKvXFj6Qsv9rjARXgEYiA/preset:listing/plain/1b2345ed29004a8b3133bd162d9c7848-2935140887531149287.jpg', 1),
(39, 'PRD0039', 'https://cdn.chotot.com/3g42Bm3div0hSCrDFEQM5_hnKBly4BaacoY2WQzRq08/preset:listing/plain/3fa6c17876c796675c497f8c537044a6-2935101509928633648.jpg', 1),
(40, 'PRD0040', 'https://cdn.chotot.com/e7S_SqRkZol_scIKSaeKJ2144MtjdObD5TsxLl6Eu1g/preset:listing/plain/bd5826d8857a3a4291f4695c227e2b62-2935101086647141680.jpg', 1),
(41, 'PRD0041', 'https://cdn.chotot.com/H9hMV-I_fd0y-fbo7RHvq-7prk8rDuNlebevvlVywTo/preset:listing/plain/3662015c66f4083b62e07e7a7ab890f0-2935101023210887143.jpg', 1),
(42, 'PRD0042', 'https://cdn.chotot.com/_v1tEn9QKMSZazzz3N9afBNJcwUW-5oKOXS_AVvn-Zs/preset:listing/plain/6e51d14890aa9d5074e31bb63a5e907e-2935100952242308400.jpg', 1),
(43, 'PRD0043', 'https://cdn.chotot.com/MKrnAJbm52sFo743q17vIQZxXqi-s-21D83-frYdSeE/preset:listing/plain/0a402a5a7c90bdf5ad8fe1412749374c-2935100891256014128.jpg', 1),
(44, 'PRD0044', 'https://cdn.chotot.com/UHy3Y7u3fRHaDQb5-JxjzIovhln6Q5oc_Yq7DyATU8w/preset:listing/plain/7a15f73fa1e904add3ea43792ceb5b2f-2935100824856251943.jpg', 1),
(45, 'PRD0045', 'https://cdn.chotot.com/vtFqetlcRQSEQeZYetX7oLuCxDhs0SkpRgbizuc6YuM/preset:listing/plain/aabe213f25e74decca1833d64e84067f-2935100762706139111.jpg', 1),
(46, 'PRD0046', 'https://cdn.chotot.com/hPGTVhVytgFQh_6z4KRFbi745bC2Y9jtNcatF_DyBD8/preset:listing/plain/a4f387127d8504ee8e6b0fff064dc73e-2932034279421059671.jpg', 1),
(47, 'PRD0047', 'https://cdn.chotot.com/TNwBk9GyMl8JYaOI7Bm0E95RvjJKMsX_9lYehzGqK5Y/preset:listing/plain/2632b47e99a66d6e1032cc9d9f75c476-2935291355654096233.jpg', 1),
(48, 'PRD0048', 'https://cdn.chotot.com/WVor5g4Iz2_j3klQOGnO15W4s8Ofxe29NW1EXBKVfi8/preset:listing/plain/12cef783d46ff654252bd0c7b21eec86-2935290250227764775.jpg', 1),
(49, 'PRD0049', 'https://cdn.chotot.com/ztKiTSteIbDP5dTL9YEdLnG8wd1pbyfl6e__Ld7aCbI/preset:listing/plain/61ecc4c645ceac1a48414f392d9d4505-2935280772132034535.jpg', 1),
(50, 'PRD0050', 'https://cdn.chotot.com/w92hA2GVwVw4YJSZsBMhbjndXOlRDIQpEhCwBURQ5D4/preset:listing/plain/669f582566fff5139af2def9772dfbfa-2935268330233255911.jpg', 1),
(51, 'PRD0051', 'https://cdn.chotot.com/0Kgqd1Cmp8jgfz2_WHq_Mc0so560I7UzLU3QjDM2h1k/preset:listing/plain/859a06a77f9005202f2f11d209b5d72c-2935268548441834857.jpg', 1),
(52, 'PRD0052', 'https://cdn.chotot.com/Y9q0Y3Uj6jcXV9JlqXmS0YvUsy4q-AUuZ_Ow7IIQTEI/preset:listing/plain/4cb75da478b475d7b5d56e58c3a12dd8-2935257976002233114.jpg', 1),
(53, 'PRD0053', 'https://cdn.chotot.com/wfgPySSTKadsupBHTUWFoFdIVVZgABv1-HDiRKt1Ylg/preset:listing/plain/8893b7852b232dfb4ed024b692a48ef7-2935253244766241562.jpg', 1),
(54, 'PRD0054', 'https://cdn.chotot.com/-pD2cYjR6foJKiN3jQvoVH9DWieHShjz3tXCQ-YLTjE/preset:listing/plain/9f774cfce2641fb7e54d4f0a004971d0-2935251587906293287.jpg', 1),
(55, 'PRD0055', 'https://cdn.chotot.com/fHxP92c2du6JURAP9fltBKEDOh4DdPzpP5rmjH0ZMpc/preset:listing/plain/4abad72f9148d64c557ce0768ea50c54-2935236300878652638.jpg', 1),
(56, 'PRD0056', 'https://cdn.chotot.com/afCj_Il2yAoteFsM4BvMlMYEQTgczW9ea6ZK9wFqQJA/preset:listing/plain/534d87032f292656b9ae90fe4e9c1762-2935232155890175527.jpg', 1),
(57, 'PRD0057', 'https://cdn.chotot.com/4FMPD4uKTPgHk3cEDACtkTjbf3qn5BkRf_6juvd2HrA/preset:listing/plain/f77c0ab67aeb4eda3e23b77171f60884-2935225643836421470.jpg', 1),
(58, 'PRD0058', 'https://cdn.chotot.com/hNoLevuvzPwNV-m0tiwHhQemrLfaO3LKVqx_gK6SP1w/preset:listing/plain/06cad1143cadb01aa7a4ca40898b5cb9-2935142563816572265.jpg', 1),
(59, 'PRD0059', 'https://cdn.chotot.com/Nq_cjwRtxi3mpYSppUopCaZ39Pwha6NXtwkgN_PkJ6w/preset:listing/plain/fd1c998a13d65f0928fdb7f17350f592-2935312219177670631.jpg', 1),
(60, 'PRD0060', 'https://cdn.chotot.com/VYAv5YfY5DC4b33tOWGp3lFlrMwX2IeEwjIvZcN_uzA/preset:listing/plain/61375ff08fb1f10c2958f2de4401c1e9-2935311327566122535.jpg', 1),
(61, 'PRD0061', 'https://cdn.chotot.com/7B7mXQEwVWymRmQjPvxfO1Q2kLr6mpO0EIpxP3yRmmM/preset:listing/plain/420ee7edad92362528eb108203801f54-2935307820516956135.jpg', 1),
(62, 'PRD0062', 'https://cdn.chotot.com/r3kHWRJW2tJQ6HkY7GszNN1DScg9ueZzrDWQGOMDrP8/preset:listing/plain/32199448adf5cb4d957557d6731cbca3-2935307438981795367.jpg', 1),
(63, 'PRD0063', 'https://cdn.chotot.com/us5EmDiZPrKo6N_DBe6aO_HHKBSYf0E-qR7VckiN0MY/preset:listing/plain/1620e3ff04bf0259991f8f99e54244b0-2935306623824776743.jpg', 1),
(64, 'PRD0064', 'https://cdn.chotot.com/ioT4lDTRGrMdqIsTfW85kMD8viEVYfs1L9YIZIEydks/preset:listing/plain/005eca8b5dc74d4eb59103732ff9ffde-2935305143498490897.jpg', 1),
(65, 'PRD0065', 'https://cdn.chotot.com/8gPAEBJkgXM4TSK-NjgXd1cOmBVPlobMf8Fki0M8_ZE/preset:listing/plain/a60aa93d6ddcbac6edcfa62f4b56fcb3-2935299993860293649.jpg', 1),
(66, 'PRD0066', 'https://cdn.chotot.com/RjCLbNi9MIBFg9VU_pRO9fp6mxegbg32MyAW4fg7eBQ/preset:listing/plain/254558cf873244b3fa5658f55e4c4fa0-2935299778848169243.jpg', 1),
(67, 'PRD0067', 'https://cdn.chotot.com/v06D_YXzwrxD9G827qmVTbcrJHMWyjmseok3WZeJWM0/preset:listing/plain/b4acb5b000e9c7136b6e644b83d17859-2935290034054284305.jpg', 1),
(68, 'PRD0068', 'https://cdn.chotot.com/ED8Q_ojO05R874khKWouiLBAME-eVNQ0XV-6bNhfhmY/preset:listing/plain/25cb1eefcf44ea43841bf5c7d0f582c5-2935289451522379320.jpg', 1),
(69, 'PRD0069', 'https://cdn.chotot.com/X884sE85ShkskKWAuWZOJd10msbLmfkAEG_11dVizN8/preset:listing/plain/5b3adb29aa84a847941e7c7dc9acada3-2935288993509529575.jpg', 1),
(70, 'PRD0070', 'https://cdn.chotot.com/tjzk759V2RBbaBWovqwz0JIyQIhrAOxfXiQ9cyiOyps/preset:listing/plain/33b9a329a07a6eb92e7c9d7000ac7b4d-2935288448304959015.jpg', 1),
(71, 'PRD0071', 'https://cdn.chotot.com/aA5FALYj4b0rPtVmZq2jcOZv5qGnBg2e8H0bWjciHns/preset:listing/plain/84926db0f6fa35914630b66aac785bcf-2935287943766887992.jpg', 1),
(72, 'PRD0072', 'https://cdn.chotot.com/iksZC72Nq7pwZfX94l2j7LEI2xn4T4mmR7OxIpF3FZQ/preset:listing/plain/f39db93a8e3aee82cf9fc141b7494f03-2935287166595613713.jpg', 1),
(73, 'PRD0073', 'https://cdn.chotot.com/QDUb-Lvx_M_L4o2iEhx840NibrABFF5797Jrmf9Qbkg/preset:listing/plain/bf9fcd8687bfdc8f985784fbaec3d3fe-2935286296794028007.jpg', 1),
(74, 'PRD0074', 'https://cdn.chotot.com/16nwHIJRRF2W5vHMdEK0gIroxqZmh4j25LYdDvjiNs8/preset:listing/plain/c6757a1b9008a268901ece967a7a754e-2935285464933390311.jpg', 1),
(75, 'PRD0075', 'https://cdn.chotot.com/s7xZ1xtgvw8rOn4DpINNaU7SykSngNMQ2C--7zgn5vQ/preset:listing/plain/458d60d5580df5fa6f50b074f235cbd3-2935283707306721511.jpg', 1),
(76, 'PRD0076', 'https://cdn.chotot.com/I3p9GyXc93kk2sRrounfLtL3QWh6iokvDs6z0KDBgxo/preset:listing/plain/1b79e9d87429206c20ed68cbc0650062-2935281335892594215.jpg', 1),
(77, 'PRD0077', 'https://cdn.chotot.com/iVdh9nEZ9l6NXs08d8FPlIYG0TOfQ29GCQxAi_5QSr8/preset:listing/plain/0e34cdce0d72ca3bf4f62a388383c377-2935281218046610983.jpg', 1),
(78, 'PRD0078', 'https://cdn.chotot.com/b-MVpzp_LO27-BHclCGSWaxTWXyQGBxETAVviuP2hJs/preset:listing/plain/a05b9bd8534f2bac768f9732236d3d20-2935278819295937553.jpg', 1),
(79, 'PRD0079', 'https://cdn.chotot.com/Chq6wEOCUvINmd4oBUBYjPsPHbQH5QocWlnf-pp8-lo/preset:listing/plain/04dd3abae81c34ad296060c4485f18c5-2935346118699374567.jpg', 1),
(80, 'PRD0080', 'https://cdn.chotot.com/dhLLtl_1MauV3Slxymk8ToE5zokjDrxJmNP4Hc7Be9o/preset:listing/plain/c0f75160f5648994e1fb0e8098311d47-2935342460569026678.jpg', 1),
(81, 'PRD0081', 'https://cdn.chotot.com/atCZ3TnG15WW2hHNSi4adLyj5EQniXvyOuTXNJvXQyI/preset:listing/plain/f3210a9807ef31738067bdf732d6eab7-2935339363710785511.jpg', 1),
(82, 'PRD0082', 'https://cdn.chotot.com/U6i1-X9Lq9MbszZNDnq6Z_kAJvxfrMmWu93K204uYyA/preset:listing/plain/6ebf625b3347d24cb0c83329e66e5018-2935338182550113831.jpg', 1),
(83, 'PRD0083', 'https://cdn.chotot.com/Vdz4QMZbn4pjjbkyVXVniBFoMasnUpC_VUDjgjiPGqo/preset:listing/plain/fe221d3eb6f0af56f0ff784c4fcd437a-2935337573581894366.jpg', 1),
(84, 'PRD0084', 'https://cdn.chotot.com/DmWYvIP0XwoZBooboAXgOwY7oVfO7ypJp9Aa7Ks-36U/preset:listing/plain/b578af5f00232b408fae0991b6a864f8-2935282131032011355.jpg', 1),
(85, 'PRD0085', 'https://cdn.chotot.com/RkGoJxA4j33p72o0Jsh1VTVQoJAYTt-MjVOZBEbkYkA/preset:listing/plain/20f0a3c80718f52c015d7744daa69696-2934942478457709209.jpg', 1),
(86, 'PRD0086', 'https://cdn.chotot.com/iG02DKl9H0teXCehIKygHkkVbHrTttP74vMpFTdxnP4/preset:listing/plain/9a5187e83110ceef7c8fb5d5b60d8663-2935249450792734247.jpg', 1),
(87, 'PRD0087', 'https://cdn.chotot.com/1K8WGc5k_OZOrEcg-8Qaqk_eAOK7pAbcaawdmYJrs-8/preset:listing/plain/0448569085abcd03d2a128c5321ef585-2935244891294712849.jpg', 1),
(88, 'PRD0088', 'https://cdn.chotot.com/V2Zn3dKWTtPeP9sOBc4UJEoABRecWMPhYGNm50sX4fU/preset:listing/plain/447a386ef1ede2fc6a3679125c046038-2935244756822049809.jpg', 1),
(89, 'PRD0089', 'https://cdn.chotot.com/Rx2e4n5h20RrLXUp94QAR4u4j-XGfSRl-Bpm3f6FK1I/preset:listing/plain/e18a6c4da7f62cb216f69c351b109c56-2935239372854576145.jpg', 1),
(90, 'PRD0090', 'https://cdn.chotot.com/z62qWMjUDiwK9iTKX5OC2vRTxg11DyRks2brpCK0C68/preset:listing/plain/6a55562539df06d11a7bd495d9ab9ccf-2935236463602549777.jpg', 1),
(91, 'PRD0091', 'https://cdn.chotot.com/5z4vBDFVV-An2x5nEt31C6GBbDcdYv1YPfaWFKwBe0k/preset:listing/plain/ee906645141388c97e267ded879acadf-2935218872512084396.jpg', 1),
(92, 'PRD0092', 'https://cdn.chotot.com/ZJeA_Im5bN4BRFLHeEelvw9-Nt-hBo7wEV-5t_isMOI/preset:listing/plain/7361119749a7f8d1f4cada0e11c556f3-2934953585880782823.jpg', 1),
(93, 'PRD0093', 'https://cdn.chotot.com/u9JWJfweGkiOAqrx75zqH4imGuyUHvuTJ-jSmWylMQM/preset:listing/plain/c92e664a68d316eaeca0636fa58698a7-2935212509139521063.jpg', 1);

INSERT INTO WithdrawalRequest (user_id, amount, bank_code, account_number, account_name, add_info, status)
VALUES
('CUS0001', 500000, 'vietinbank', '113366668888', 'John Smitch', 'Withdraw for hosting fee', 'PENDING'),
('CUS0002', 750000, 'vcb', '112233445566', 'John Doe', 'Payment for project', 'APPROVED'),
('CUS0003', 1000000, 'acb', '556677889900', 'Alice Johnson', 'Refund request', 'REJECTED'),
('CUS0005', 1200000, 'tcb', '998877665544', 'Emma Brown', 'Monthly withdrawal', 'PENDING'),
('CUS0008', 300000, 'mbbank', '887766554433', 'Mason Martinez', 'Freelance payment', 'APPROVED'),
('CUS0011', 150000, 'bidv', '223344556677', 'Isabella Lee', 'Support service withdrawal', 'PENDING');